{
    "id": "5d781f8ee2735cce36c93b83",
    "name": "oauth2-google",
    "type": "oauth2-google",
    "config": {
        "clientId": "409769697228-cushika251uh9bbfc60p9gnvs2vajgbl.apps.googleusercontent.com"
    },
    "secret_config": {
        "clientSecret": "borkbork"
    },
    "disabled": false,
    "metadata_fields": [
        {
            "required": false,
            "name": "name"
        },
        {
            "required": false,
            "name": "first_name"
        },
        {
            "required": false,
            "name": "last_name"
        },
        {
            "required": false,
            "name": "email"
        }
    ],
    "redirect_uris": [
        "http://localhost:3000/"
    ]
}
