{
    "app_id": "wiwsalertservice-mpudr",
    "config_version": 20180301,
    "name": "WIWSAlertService",
    "location": "US-OR",
    "deployment_model": "LOCAL",
    "security": {},
    "hosting": {
        "enabled": true,
        "app_default_domain": "wiwsalertservice-mpudr.mongodbstitch.com",
        "default_error_path": "/index.html",
        "default_error_code": "200"
    },
    "custom_user_data_config": {
        "enabled": false
    },
    "realm_config": {
        "development_mode_enabled": false
    }
}
