{
    "id": "5d97e0ab8f7a6cf8f721932b",
    "name": "oauth2-facebook",
    "type": "oauth2-facebook",
    "config": {
        "clientId": "512966842585149"
    },
    "secret_config": {
        "clientSecret": "fa0ea5a0f584315f9a203fab317398e1"
    },
    "disabled": false,
    "metadata_fields": [
        {
            "required": false,
            "name": "name"
        },
        {
            "required": false,
            "name": "first_name"
        },
        {
            "required": false,
            "name": "last_name"
        },
        {
            "required": false,
            "name": "email"
        }
    ],
    "redirect_uris": [
        "https://localhost:3000/",
        "https://tafnp.herokuapp.com/",
        "http://localhost:3000/",
        "https://wiwsalertservice-mpudr.mongodbstitch.com/",
        "http://alerts.wiws.org/"
    ]
}
